tag,server,steps,n,sec_per_img,lpips_vs_dense30,psnr,clip,clip_delta,sharp_ratio,nyquist
turbo4,turbo_nodes4,3,7,10.1,0.281,18.6,0.3882,+0.0094,0.99,5.2e-04
premerged_q5_turbo6,premerged_q5,3,7,11.1,0.294,17.9,0.3970,+0.0182,1.34,3.5e-04
premerged_q6_turbo6,premerged_q6,3,7,11.6,0.284,18.0,0.3958,+0.0170,1.36,3.9e-04
turbo6_lora13,turbo_lora13,3,7,12.8,0.401,16.9,0.3849,+0.0061,2.57,3.4e-04
turbo6_lora07,turbo_lora07,3,7,12.9,0.200,20.9,0.3893,+0.0105,0.77,3.3e-04
turbo6_nonotch,main,3,7,13.0,0.261,19.3,0.3953,+0.0165,2.85,3.5e-03
base16_ec20,main,16,7,13.9,0.174,22.7,0.3739,-0.0049,0.55,4.0e-04
base16_ec15,main,16,7,14.4,0.168,22.8,0.3735,-0.0053,0.58,3.9e-04
base20_ec20,main,20,7,15.8,0.113,25.7,0.3788,-0.0000,0.61,4.0e-04
turbo8,turbo_nodes8,3,7,15.8,0.262,19.1,0.3962,+0.0174,1.48,3.6e-04
base20_ec15,main,20,7,16.4,0.106,25.8,0.3795,+0.0007,0.65,4.0e-04
base24_ec20,main,24,7,16.7,0.090,27.5,0.3786,-0.0001,0.70,3.5e-04
base20_ec10,main,20,7,18.1,0.092,26.1,0.3773,-0.0015,0.71,3.9e-04
base30_ec30,main,30,7,18.3,0.077,29.9,0.3768,-0.0020,0.73,3.5e-04
base30_ec20,main,30,7,19.5,0.057,31.1,0.3791,+0.0003,0.79,3.6e-04
base24_ec10,main,24,7,19.5,0.068,28.6,0.3801,+0.0013,0.77,3.7e-04
spectrum30,cache_spectrum,30,7,20.4,0.057,28.5,0.3773,-0.0015,0.75,3.8e-04
base30_ec15_nonotch,main,30,7,20.8,0.062,31.2,0.3807,+0.0019,1.97,4.6e-03
turbo6,main,3,7,20.8,0.243,19.5,0.3959,+0.0172,1.30,3.6e-04
base30_ec15,main,30,7,20.8,0.045,32.1,0.3802,+0.0014,0.82,3.6e-04
base30_ec10,main,30,7,21.6,0.035,33.5,0.3788,+0.0000,0.86,3.6e-04
base30_ec08,main,30,7,22.7,0.031,34.3,0.3801,+0.0014,0.86,3.5e-04
base30_ec15_end85,main,30,7,23.5,0.039,32.5,0.3805,+0.0017,0.91,3.6e-04
cachedit30,cache_cachedit,30,7,25.8,0.044,30.3,0.3815,+0.0027,0.93,3.5e-04
dbcache30,cache_dbcache,30,7,26.1,0.044,30.3,0.3815,+0.0027,0.93,3.5e-04
base30_ec05,main,30,7,26.2,0.023,35.7,0.3798,+0.0010,0.93,3.5e-04
base20_dense,main,20,7,26.2,0.084,26.0,0.3779,-0.0008,0.86,4.1e-04
taylor30_skip3_d2,cache_taylor3,30,7,26.3,0.044,30.3,0.3815,+0.0027,0.93,3.5e-04
taylor30_skip2,cache_taylor2,30,7,26.6,0.044,30.3,0.3815,+0.0027,0.93,3.5e-04
base30_ec15_end70,main,30,7,26.8,0.031,33.3,0.3815,+0.0027,0.93,3.5e-04
base24_ec15,main,24,7,31.5,0.078,28.0,0.3788,+0.0000,0.73,3.6e-04
base24_dense,main,24,7,31.6,0.052,29.6,0.3798,+0.0010,0.91,3.7e-04
base30_ec15_end50,main,30,7,32.4,0.024,34.3,0.3800,+0.0012,0.97,3.5e-04
base30_dense,main,30,7,36.3,,,0.3788,+0.0000,1.00,3.5e-04
ucache30_t15,cache_ucache,30,7,40.5,0.000,96.0,0.3788,+0.0000,1.00,3.5e-04
ucache30_t30,cache_ucache,30,7,40.6,0.000,96.0,0.3788,+0.0000,1.00,3.5e-04
